Benchmark,Accuracy,Std Error,Accuracy (%)
sciq,0.94,0.0075137511574749245,94.00%
piqa,0.780739934711643,0.00965335746360534,78.07%
boolq,0.7767584097859327,0.007283214076520012,77.68%
arc_easy,0.7634680134680135,0.008719840797175754,76.35%
winogrande,0.6906077348066298,0.012991329330822993,69.06%
hellaswag,0.5714997012547302,0.004938500303990282,57.15%
arc_challenge,0.4334470989761092,0.014481376224558903,43.34%
openbookqa,0.314,0.020776701920308997,31.40%
